<?xml version="1.0" encoding="UTF-8" standalone="no"?><Entities build="b459" majorVersion="6" minorVersion="0" revision="4" schemaVersion="803"><ScriptFunctionLibraries/><Logs/><Users/><ThingTemplates/><DirectoryServices/><DataShapes><DataShape baseDataShape="" description="" documentationContent="&#10;" homeMashup="" lastModifiedDate="2015-11-09T20:58:30.316Z" name="SteamSensorReadings" tags="Applications:EdgeExample"><Owner name="Administrator" type="User"/><avatar/><DesignTimePermissions><Create/><Read/><Update/><Delete/><Metadata/></DesignTimePermissions><RunTimePermissions/><VisibilityPermissions><Visibility/></VisibilityPermissions><ConfigurationTables/><FieldDefinitions><FieldDefinition baseType="BOOLEAN" description="CurrentInletValve" name="CurrentInletValve" ordinal="0"/><FieldDefinition baseType="NUMBER" description="BarometricPressure" name="BarometricPressure" ordinal="0"/><FieldDefinition baseType="DATETIME" description="ActivationTime" name="ActivationTime" ordinal="0"/><FieldDefinition baseType="INTEGER" description="TotalFlowAmount" name="TotalFlowAmount" ordinal="0"/><FieldDefinition baseType="NUMBER" description="OutsideTemperature" name="OutsideTemperature" ordinal="0"/><FieldDefinition baseType="STRING" description="SensorName" name="SensorName" ordinal="0"/><FieldDefinition baseType="BOOLEAN" description="CurrentFaultStatus" name="CurrentFaultStatus" ordinal="0"/><FieldDefinition baseType="NUMBER" description="RatedTemperatureLimit" name="RatedTemperatureLimit" ordinal="0"/></FieldDefinitions><ConfigurationChanges><ConfigurationChange changeAction="CREATE" changeReason="" timestamp="2015-03-19T14:21:40.479Z" user="DevAdmin"/><ConfigurationChange changeAction="CREATE" changeReason="" timestamp="2015-06-05T14:37:30.389Z" user="Administrator"/><ConfigurationChange changeAction="MODIFY" changeReason="header : tags : updated&#10;documentation : updated&#10;" timestamp="2015-11-09T20:58:30.316Z" user="Administrator"/></ConfigurationChanges></DataShape></DataShapes><Organizations/><Widgets/><ApplicationKeys><ApplicationKey clientName="" description="" documentationContent="" homeMashup="" ipWhitelist="" keyId="xxxxxxxx-xxxx-xxxx-xxxx-xxxxxxxxxxxx" lastModifiedDate="2015-11-04T20:45:02.262Z" name="ExampleAppKey" tags="EdgeTest:Seed;Applications:EdgeExample" userNameReference="Administrator"><Owner name="Administrator" type="User"/><avatar/><DesignTimePermissions><Create/><Read/><Update/><Delete/><Metadata/></DesignTimePermissions><RunTimePermissions/><VisibilityPermissions><Visibility/></VisibilityPermissions><ConfigurationTables/><ConfigurationChanges><ConfigurationChange changeAction="CREATE" changeReason="header : name : updated, userNameReference : updated&#10;" timestamp="2014-02-06T19:33:06.595Z" user="Administrator"/><ConfigurationChange changeAction="MODIFY" changeReason="header : tags : updated&#10;" timestamp="2014-02-19T19:38:00.440Z" user="Administrator"/><ConfigurationChange changeAction="CREATE" changeReason="" timestamp="2014-02-19T19:39:57.884Z" user="Administrator"/><ConfigurationChange changeAction="MODIFY" changeReason="" timestamp="2014-02-19T19:42:35.692Z" user="Administrator"/><ConfigurationChange changeAction="CREATE" changeReason="" timestamp="2014-02-24T15:39:43.873Z" user="Administrator"/><ConfigurationChange changeAction="CREATE" changeReason="" timestamp="2014-02-27T22:13:03.027Z" user="Administrator"/><ConfigurationChange changeAction="MODIFY" changeReason="" timestamp="2014-03-04T14:58:09.648Z" user="Administrator"/><ConfigurationChange changeAction="CREATE" changeReason="" timestamp="2014-03-05T19:15:58.576Z" user="Administrator"/><ConfigurationChange changeAction="CREATE" changeReason="" timestamp="2014-03-06T23:17:54.778Z" user="Administrator"/><ConfigurationChange changeAction="CREATE" changeReason="" timestamp="2014-03-13T03:01:30.671Z" user="Administrator"/><ConfigurationChange changeAction="CREATE" changeReason="" timestamp="2014-03-06T12:38:20.211Z" user="Administrator"/><ConfigurationChange changeAction="MODIFY" changeReason="" timestamp="2014-03-13T03:10:17.670Z" user="Administrator"/><ConfigurationChange changeAction="CREATE" changeReason="" timestamp="2014-09-23T20:58:17.559Z" user="Administrator"/><ConfigurationChange changeAction="CREATE" changeReason="" timestamp="2014-03-13T16:02:25.853Z" user="Administrator"/><ConfigurationChange changeAction="MODIFY" changeReason="" timestamp="2014-09-23T20:58:40.101Z" user="Administrator"/><ConfigurationChange changeAction="MODIFY" changeReason="header : tags : updated&#10;" timestamp="2014-10-05T03:34:13.553Z" user="Administrator"/><ConfigurationChange changeAction="CREATE" changeReason="" timestamp="2014-10-05T03:39:12.252Z" user="Administrator"/><ConfigurationChange changeAction="MODIFY" changeReason="header : tags : updated&#10;" timestamp="2014-10-22T20:43:45.299Z" user="Administrator"/><ConfigurationChange changeAction="CREATE" changeReason="" timestamp="2015-01-22T21:20:55.887Z" user="Administrator"/><ConfigurationChange changeAction="CREATE" changeReason="" timestamp="2015-02-10T03:44:03.202Z" user="Administrator"/><ConfigurationChange changeAction="MODIFY" changeReason="" timestamp="2015-02-19T18:05:00.324Z" user="DevAdmin"/><ConfigurationChange changeAction="CREATE" changeReason="" timestamp="2015-03-06T17:01:26.118Z" user="Administrator"/><ConfigurationChange changeAction="MODIFY" changeReason="" timestamp="2015-03-14T22:43:52.152Z" user="Administrator"/><ConfigurationChange changeAction="CREATE" changeReason="" timestamp="2015-06-05T14:37:30.585Z" user="Administrator"/><ConfigurationChange changeAction="FORCEEDIT" changeReason="" timestamp="2015-06-25T12:59:18.213Z" user="JeffD"/><ConfigurationChange changeAction="MODIFY" changeReason="" timestamp="2015-02-19T16:44:34.665Z" user="JeffD"/><ConfigurationChange changeAction="CREATE" changeReason="" timestamp="2015-03-10T21:17:03.963Z" user="Administrator"/><ConfigurationChange changeAction="CREATE" changeReason="" timestamp="2015-06-05T15:56:16.916Z" user="Administrator"/><ConfigurationChange changeAction="MODIFY" changeReason="" timestamp="2015-07-20T14:57:44.633Z" user="Administrator"/><ConfigurationChange changeAction="MODIFY" changeReason="" timestamp="2015-07-20T15:11:01.788Z" user="Administrator"/><ConfigurationChange changeAction="FORCEEDIT" changeReason="" timestamp="2015-07-20T15:14:13.736Z" user="IanE"/><ConfigurationChange changeAction="MODIFY" changeReason="" timestamp="2015-07-20T15:37:29.831Z" user="Administrator"/><ConfigurationChange changeAction="MODIFY" changeReason="" timestamp="2015-07-20T15:49:33.797Z" user="Administrator"/><ConfigurationChange changeAction="MODIFY" changeReason="" timestamp="2015-07-20T15:54:03.923Z" user="Administrator"/><ConfigurationChange changeAction="MODIFY" changeReason="" timestamp="2015-07-20T16:07:49.072Z" user="Administrator"/><ConfigurationChange changeAction="MODIFY" changeReason="" timestamp="2015-07-20T16:41:06.121Z" user="Administrator"/><ConfigurationChange changeAction="CREATE" changeReason="" timestamp="2015-08-14T19:23:50.111Z" user="Administrator"/><ConfigurationChange changeAction="MODIFY" changeReason="" timestamp="2015-08-20T19:52:17.071Z" user="Administrator"/><ConfigurationChange changeAction="MODIFY" changeReason="" timestamp="2015-08-24T12:30:45.209Z" user="Administrator"/><ConfigurationChange changeAction="MODIFY" changeReason="" timestamp="2015-08-24T18:09:05.298Z" user="Administrator"/><ConfigurationChange changeAction="MODIFY" changeReason="" timestamp="2015-08-24T18:31:21.254Z" user="Administrator"/><ConfigurationChange changeAction="MODIFY" changeReason="" timestamp="2015-08-24T18:45:22.434Z" user="Administrator"/><ConfigurationChange changeAction="MODIFY" changeReason="" timestamp="2015-08-24T18:50:16.213Z" user="Administrator"/><ConfigurationChange changeAction="MODIFY" changeReason="" timestamp="2015-08-24T18:56:16.572Z" user="Administrator"/><ConfigurationChange changeAction="MODIFY" changeReason="" timestamp="2015-08-24T19:10:13.948Z" user="Administrator"/><ConfigurationChange changeAction="MODIFY" changeReason="" timestamp="2015-08-24T19:11:07.564Z" user="Administrator"/><ConfigurationChange changeAction="MODIFY" changeReason="" timestamp="2015-08-24T19:25:10.208Z" user="Administrator"/><ConfigurationChange changeAction="MODIFY" changeReason="" timestamp="2015-08-24T19:26:05.365Z" user="Administrator"/><ConfigurationChange changeAction="MODIFY" changeReason="" timestamp="2015-08-24T19:37:56.408Z" user="Administrator"/><ConfigurationChange changeAction="MODIFY" changeReason="" timestamp="2015-08-24T19:50:35.690Z" user="Administrator"/><ConfigurationChange changeAction="MODIFY" changeReason="" timestamp="2015-08-24T19:56:51.568Z" user="Administrator"/><ConfigurationChange changeAction="MODIFY" changeReason="" timestamp="2015-08-24T20:00:39.245Z" user="Administrator"/><ConfigurationChange changeAction="MODIFY" changeReason="" timestamp="2015-08-24T20:02:18.895Z" user="Administrator"/><ConfigurationChange changeAction="MODIFY" changeReason="" timestamp="2015-08-24T20:37:31.325Z" user="Administrator"/><ConfigurationChange changeAction="MODIFY" changeReason="" timestamp="2015-08-24T20:46:25.012Z" user="Administrator"/><ConfigurationChange changeAction="MODIFY" changeReason="" timestamp="2015-08-24T21:01:36.422Z" user="Administrator"/><ConfigurationChange changeAction="MODIFY" changeReason="" timestamp="2015-08-24T21:05:18.916Z" user="Administrator"/><ConfigurationChange changeAction="MODIFY" changeReason="" timestamp="2015-08-24T21:29:08.973Z" user="Administrator"/><ConfigurationChange changeAction="MODIFY" changeReason="" timestamp="2015-08-24T21:32:52.278Z" user="Administrator"/><ConfigurationChange changeAction="MODIFY" changeReason="" timestamp="2015-08-25T00:21:58.346Z" user="Administrator"/><ConfigurationChange changeAction="MODIFY" changeReason="" timestamp="2015-08-25T17:47:43.230Z" user="Administrator"/><ConfigurationChange changeAction="MODIFY" changeReason="" timestamp="2015-08-25T17:55:27.405Z" user="Administrator"/><ConfigurationChange changeAction="MODIFY" changeReason="" timestamp="2015-08-25T20:20:20.019Z" user="Administrator"/><ConfigurationChange changeAction="MODIFY" changeReason="" timestamp="2015-08-25T20:24:03.220Z" user="Administrator"/><ConfigurationChange changeAction="MODIFY" changeReason="" timestamp="2015-08-25T20:57:00.764Z" user="Administrator"/><ConfigurationChange changeAction="MODIFY" changeReason="" timestamp="2015-08-25T21:00:46.217Z" user="Administrator"/><ConfigurationChange changeAction="MODIFY" changeReason="" timestamp="2015-08-26T13:22:39.630Z" user="Administrator"/><ConfigurationChange changeAction="MODIFY" changeReason="" timestamp="2015-08-26T13:27:37.720Z" user="Administrator"/><ConfigurationChange changeAction="MODIFY" changeReason="" timestamp="2015-08-26T14:03:17.274Z" user="Administrator"/><ConfigurationChange changeAction="MODIFY" changeReason="" timestamp="2015-08-26T14:11:21.054Z" user="Administrator"/><ConfigurationChange changeAction="MODIFY" changeReason="" timestamp="2015-08-26T14:21:30.263Z" user="Administrator"/><ConfigurationChange changeAction="MODIFY" changeReason="" timestamp="2015-08-26T14:25:19.371Z" user="Administrator"/><ConfigurationChange changeAction="MODIFY" changeReason="" timestamp="2015-08-26T17:30:24.721Z" user="Administrator"/><ConfigurationChange changeAction="MODIFY" changeReason="" timestamp="2015-09-24T14:27:21.366Z" user="Administrator"/><ConfigurationChange changeAction="MODIFY" changeReason="" timestamp="2015-09-24T14:30:49.327Z" user="Administrator"/><ConfigurationChange changeAction="MODIFY" changeReason="" timestamp="2015-09-24T15:03:52.554Z" user="Administrator"/><ConfigurationChange changeAction="MODIFY" changeReason="" timestamp="2015-09-24T15:07:20.654Z" user="Administrator"/><ConfigurationChange changeAction="MODIFY" changeReason="" timestamp="2015-09-24T17:14:59.109Z" user="Administrator"/><ConfigurationChange changeAction="MODIFY" changeReason="" timestamp="2015-09-24T17:18:32.655Z" user="Administrator"/><ConfigurationChange changeAction="MODIFY" changeReason="" timestamp="2015-09-24T19:23:55.157Z" user="Administrator"/><ConfigurationChange changeAction="MODIFY" changeReason="" timestamp="2015-09-24T19:27:15.951Z" user="Administrator"/><ConfigurationChange changeAction="MODIFY" changeReason="" timestamp="2015-09-25T17:45:05.877Z" user="Administrator"/><ConfigurationChange changeAction="MODIFY" changeReason="" timestamp="2015-09-25T17:49:29.521Z" user="Administrator"/><ConfigurationChange changeAction="MODIFY" changeReason="" timestamp="2015-09-25T21:20:25.958Z" user="Administrator"/><ConfigurationChange changeAction="MODIFY" changeReason="" timestamp="2015-09-25T21:23:44.832Z" user="Administrator"/><ConfigurationChange changeAction="MODIFY" changeReason="" timestamp="2015-09-28T13:47:25.877Z" user="Administrator"/><ConfigurationChange changeAction="MODIFY" changeReason="" timestamp="2015-09-28T13:50:47.180Z" user="Administrator"/><ConfigurationChange changeAction="MODIFY" changeReason="" timestamp="2015-09-28T19:31:22.356Z" user="Administrator"/><ConfigurationChange changeAction="FORCEEDIT" changeReason="" timestamp="2015-09-30T14:31:19.222Z" user="Administrator"/><ConfigurationChange changeAction="CREATE" changeReason="" timestamp="2015-09-02T19:26:41.476Z" user="Administrator"/><ConfigurationChange changeAction="MODIFY" changeReason="" timestamp="2015-09-04T15:30:26.343Z" user="Administrator"/><ConfigurationChange changeAction="MODIFY" changeReason="" timestamp="2015-09-04T15:47:14.521Z" user="Administrator"/><ConfigurationChange changeAction="MODIFY" changeReason="" timestamp="2015-11-04T20:45:02.262Z" user="Administrator"/></ConfigurationChanges></ApplicationKey></ApplicationKeys><ExtensionPackages/><Groups/><Dashboards/><MediaEntities/><Networks/><PersistenceProviderPackages/><Mashups/><Menus/><StateDefinitions/><Things><Thing description="" documentationContent="&#10;" effectiveThingPackage="RemoteThingWithFileTransfer" enabled="true" homeMashup="" identifier="SN0002" lastModifiedDate="2015-11-09T21:09:47.552Z" name="SecondFloorSteamSensor" published="false" tags="Applications:EdgeExample;EdgeTest:Seed" thingTemplate="RemoteThingWithFileTransfer" valueStream=""><Owner name="Administrator" type="User"/><avatar/><DesignTimePermissions><Create/><Read/><Update/><Delete/><Metadata/></DesignTimePermissions><RunTimePermissions/><VisibilityPermissions><Visibility/></VisibilityPermissions><ConfigurationTables/><ThingShape><PropertyDefinitions><PropertyDefinition aspect.cacheTime="0.0" aspect.dataChangeType="VALUE" aspect.isLogged="false" aspect.isPersistent="false" aspect.isReadOnly="false" baseType="NUMBER" category="" description="Temperature limit property description" isLocalOnly="false" name="TemperatureLimit" ordinal="2"/><PropertyDefinition aspect.cacheTime="0.0" aspect.dataChangeType="VALUE" aspect.isLogged="false" aspect.isPersistent="false" aspect.isReadOnly="false" baseType="NUMBER" category="" description="TotalFlow property description" isLocalOnly="false" name="TotalFlow" ordinal="1"/><PropertyDefinition aspect.cacheTime="0.0" aspect.dataChangeType="VALUE" aspect.isLogged="false" aspect.isPersistent="false" aspect.isReadOnly="false" baseType="NUMBER" category="" description="Temperature property description" isLocalOnly="false" name="Temperature" ordinal="3"/><PropertyDefinition aspect.cacheTime="0.0" aspect.dataChangeType="VALUE" aspect.isLogged="false" aspect.isPersistent="false" aspect.isReadOnly="false" baseType="NUMBER" category="" description="Pressure property description" isLocalOnly="false" name="Pressure" ordinal="4"/><PropertyDefinition aspect.cacheTime="0.0" aspect.dataChangeType="VALUE" aspect.isLogged="false" aspect.isPersistent="false" aspect.isReadOnly="false" baseType="BOOLEAN" category="" description="InletValve property description" isLocalOnly="false" name="InletValve" ordinal="5"/><PropertyDefinition aspect.cacheTime="0.0" aspect.dataChangeType="VALUE" aspect.isLogged="false" aspect.isPersistent="false" aspect.isReadOnly="false" baseType="BOOLEAN" category="" description="FaultStatus property description" isLocalOnly="false" name="FaultStatus" ordinal="6"/><PropertyDefinition aspect.cacheTime="0.0" aspect.dataChangeType="VALUE" aspect.isLogged="false" aspect.isPersistent="false" aspect.isReadOnly="false" baseType="STRING" category="" description="BigGiantString property description" isLocalOnly="false" name="BigGiantString" ordinal="7"/></PropertyDefinitions><ServiceDefinitions><ServiceDefinition category="" description="Shutdown service description" isAllowOverride="false" isLocalOnly="false" isOpen="false" isPrivate="false" name="Shutdown"><ResultType baseType="NOTHING" description="" name="result" ordinal="0"/><ParameterDefinitions/></ServiceDefinition><ServiceDefinition category="" description="GetBigStringService service description" isAllowOverride="false" isLocalOnly="false" isOpen="false" isPrivate="false" name="GetBigString"><ResultType baseType="STRING" description="" name="result" ordinal="0"/><ParameterDefinitions/></ServiceDefinition><ServiceDefinition aspect.isAsync="false" category="" description="Reverses the order to the supplied input string." isAllowOverride="false" isLocalOnly="false" isOpen="false" isPrivate="false" name="ReverseString"><ResultType baseType="STRING" description="The reversed string." name="result" ordinal="0"/><ParameterDefinitions><FieldDefinition aspect.isRequired="true" baseType="STRING" description="The input string that should be reversed." name="stringToReverse" ordinal="1"/></ParameterDefinitions></ServiceDefinition><ServiceDefinition category="" description="Add Two Numbers together" isAllowOverride="false" isLocalOnly="false" isOpen="false" isPrivate="false" name="AddNumbers"><ResultType baseType="NUMBER" description="" name="result" ordinal="0"/><ParameterDefinitions><FieldDefinition baseType="NUMBER" description="Second value to add" name="b" ordinal="0"/><FieldDefinition baseType="NUMBER" description="First value to add" name="a" ordinal="0"/></ParameterDefinitions></ServiceDefinition><ServiceDefinition aspect.isAsync="false" category="" description="Example service that returns an InfoTable" isAllowOverride="false" isLocalOnly="false" isOpen="false" isPrivate="false" name="GetSteamSensorReadings"><ResultType aspect.dataShape="SteamSensorReadings" baseType="INFOTABLE" description="" name="result" ordinal="0"/><ParameterDefinitions/></ServiceDefinition></ServiceDefinitions><EventDefinitions/><ServiceMappings/><ServiceImplementations><ServiceImplementation description="" handlerName="Script" name="ReverseString"><ConfigurationTables><ConfigurationTable description="Script" isMultiRow="false" name="Script" ordinal="0"><DataShape><FieldDefinitions><FieldDefinition baseType="STRING" description="code" name="code" ordinal="0"/></FieldDefinitions></DataShape><Rows><Row><code><![CDATA[result = stringToReverse.split("").reverse().join("");]]></code></Row></Rows></ConfigurationTable></ConfigurationTables></ServiceImplementation></ServiceImplementations><Subscriptions/></ThingShape><PropertyBindings/><RemotePropertyBindings><RemotePropertyBinding foldType="NONE" name="TemperatureLimit" pushThreshold="0.0" pushType="ALWAYS" sourceName="TemperatureLimit" timeout="0"/><RemotePropertyBinding foldType="NONE" name="TotalFlow" pushThreshold="0.0" pushType="ALWAYS" sourceName="TotalFlow" timeout="0"/><RemotePropertyBinding foldType="NONE" name="Temperature" pushThreshold="0.0" pushType="ALWAYS" sourceName="Temperature" timeout="0"/><RemotePropertyBinding foldType="NONE" name="Pressure" pushThreshold="0.0" pushType="ALWAYS" sourceName="Pressure" timeout="0"/><RemotePropertyBinding foldType="NONE" name="InletValve" pushThreshold="0.0" pushType="ALWAYS" sourceName="InletValve" timeout="0"/><RemotePropertyBinding foldType="NONE" name="FaultStatus" pushThreshold="0.0" pushType="ALWAYS" sourceName="FaultStatus" timeout="0"/><RemotePropertyBinding foldType="NONE" name="BigGiantString" pushThreshold="0.0" pushType="ALWAYS" sourceName="BigGiantString" timeout="0"/></RemotePropertyBindings><RemoteServiceBindings><RemoteServiceBinding enableQueue="false" name="Shutdown" sourceName="" timeout="0"/><RemoteServiceBinding enableQueue="false" name="GetBigString" sourceName="" timeout="0"/><RemoteServiceBinding enableQueue="false" name="AddNumbers" sourceName="" timeout="0"/><RemoteServiceBinding enableQueue="false" name="GetSteamSensorReadings" sourceName="" timeout="0"/></RemoteServiceBindings><RemoteEventBindings/><AlertConfigurations/><ImplementedShapes/><ThingProperties/><ConfigurationChanges><ConfigurationChange changeAction="CREATE" changeReason="" timestamp="2015-11-04T20:45:02.256Z" user="Administrator"/><ConfigurationChange changeAction="MODIFY" changeReason="services : GetSteamSensorReadings : Output Updated&#10;" timestamp="2015-11-09T21:09:44.017Z" user="Administrator"/><ConfigurationChange changeAction="MODIFY" changeReason="" timestamp="2015-11-09T21:09:47.552Z" user="Administrator"/></ConfigurationChanges></Thing><Thing description="" documentationContent="&#10;" effectiveThingPackage="RemoteThingWithFileTransfer" enabled="true" homeMashup="" identifier="SN0001" lastModifiedDate="2015-11-09T21:08:49.767Z" name="FirstFloorSteamSensor" published="false" tags="Applications:EdgeExample;EdgeTest:Seed" thingTemplate="RemoteThingWithFileTransfer" valueStream=""><Owner name="Administrator" type="User"/><avatar/><DesignTimePermissions><Create/><Read/><Update/><Delete/><Metadata/></DesignTimePermissions><RunTimePermissions/><VisibilityPermissions><Visibility/></VisibilityPermissions><ConfigurationTables/><ThingShape><PropertyDefinitions><PropertyDefinition aspect.cacheTime="0.0" aspect.dataChangeType="VALUE" aspect.isLogged="false" aspect.isPersistent="false" aspect.isReadOnly="false" baseType="NUMBER" category="" description="Temperature limit property description" isLocalOnly="false" name="TemperatureLimit" ordinal="2"/><PropertyDefinition aspect.cacheTime="0.0" aspect.dataChangeType="VALUE" aspect.isLogged="false" aspect.isPersistent="false" aspect.isReadOnly="false" baseType="NUMBER" category="" description="TotalFlow property description" isLocalOnly="false" name="TotalFlow" ordinal="1"/><PropertyDefinition aspect.cacheTime="0.0" aspect.dataChangeType="VALUE" aspect.isLogged="false" aspect.isPersistent="false" aspect.isReadOnly="false" baseType="NUMBER" category="" description="Temperature property description" isLocalOnly="false" name="Temperature" ordinal="3"/><PropertyDefinition aspect.cacheTime="0.0" aspect.dataChangeType="VALUE" aspect.isLogged="false" aspect.isPersistent="false" aspect.isReadOnly="false" baseType="NUMBER" category="" description="Pressure property description" isLocalOnly="false" name="Pressure" ordinal="4"/><PropertyDefinition aspect.cacheTime="0.0" aspect.dataChangeType="VALUE" aspect.isLogged="false" aspect.isPersistent="false" aspect.isReadOnly="false" baseType="BOOLEAN" category="" description="InletValve property description" isLocalOnly="false" name="InletValve" ordinal="5"/><PropertyDefinition aspect.cacheTime="0.0" aspect.dataChangeType="VALUE" aspect.isLogged="false" aspect.isPersistent="false" aspect.isReadOnly="false" baseType="BOOLEAN" category="" description="FaultStatus property description" isLocalOnly="false" name="FaultStatus" ordinal="6"/><PropertyDefinition aspect.cacheTime="0.0" aspect.dataChangeType="VALUE" aspect.isLogged="false" aspect.isPersistent="false" aspect.isReadOnly="false" baseType="STRING" category="" description="BigGiantString property description" isLocalOnly="false" name="BigGiantString" ordinal="7"/></PropertyDefinitions><ServiceDefinitions><ServiceDefinition category="" description="Shutdown service description" isAllowOverride="false" isLocalOnly="false" isOpen="false" isPrivate="false" name="Shutdown"><ResultType baseType="NOTHING" description="" name="result" ordinal="0"/><ParameterDefinitions/></ServiceDefinition><ServiceDefinition category="" description="GetBigStringService service description" isAllowOverride="false" isLocalOnly="false" isOpen="false" isPrivate="false" name="GetBigString"><ResultType baseType="STRING" description="" name="result" ordinal="0"/><ParameterDefinitions/></ServiceDefinition><ServiceDefinition aspect.isAsync="false" category="" description="Reverses the order to the supplied input string." isAllowOverride="false" isLocalOnly="false" isOpen="false" isPrivate="false" name="ReverseString"><ResultType baseType="STRING" description="The reversed string." name="result" ordinal="0"/><ParameterDefinitions><FieldDefinition aspect.isRequired="true" baseType="STRING" description="The input string that should be reversed." name="stringToReverse" ordinal="1"/></ParameterDefinitions></ServiceDefinition><ServiceDefinition category="" description="Add Two Numbers together" isAllowOverride="false" isLocalOnly="false" isOpen="false" isPrivate="false" name="AddNumbers"><ResultType baseType="NUMBER" description="" name="result" ordinal="0"/><ParameterDefinitions><FieldDefinition baseType="NUMBER" description="Second value to add" name="b" ordinal="0"/><FieldDefinition baseType="NUMBER" description="First value to add" name="a" ordinal="0"/></ParameterDefinitions></ServiceDefinition><ServiceDefinition aspect.isAsync="false" category="" description="Example service that returns an InfoTable" isAllowOverride="false" isLocalOnly="false" isOpen="false" isPrivate="false" name="GetSteamSensorReadings"><ResultType aspect.dataShape="SteamSensorReadings" baseType="INFOTABLE" description="" name="result" ordinal="0"/><ParameterDefinitions/></ServiceDefinition></ServiceDefinitions><EventDefinitions/><ServiceMappings/><ServiceImplementations><ServiceImplementation description="" handlerName="Script" name="ReverseString"><ConfigurationTables><ConfigurationTable description="Script" isMultiRow="false" name="Script" ordinal="0"><DataShape><FieldDefinitions><FieldDefinition baseType="STRING" description="code" name="code" ordinal="0"/></FieldDefinitions></DataShape><Rows><Row><code><![CDATA[result = stringToReverse.split("").reverse().join("");]]></code></Row></Rows></ConfigurationTable></ConfigurationTables></ServiceImplementation></ServiceImplementations><Subscriptions/></ThingShape><PropertyBindings/><RemotePropertyBindings><RemotePropertyBinding foldType="NONE" name="TemperatureLimit" pushThreshold="0.0" pushType="ALWAYS" sourceName="TemperatureLimit" timeout="0"/><RemotePropertyBinding foldType="NONE" name="TotalFlow" pushThreshold="0.0" pushType="ALWAYS" sourceName="TotalFlow" timeout="0"/><RemotePropertyBinding foldType="NONE" name="Temperature" pushThreshold="0.0" pushType="ALWAYS" sourceName="Temperature" timeout="0"/><RemotePropertyBinding foldType="NONE" name="Pressure" pushThreshold="0.0" pushType="ALWAYS" sourceName="Pressure" timeout="0"/><RemotePropertyBinding foldType="NONE" name="InletValve" pushThreshold="0.0" pushType="ALWAYS" sourceName="InletValve" timeout="0"/><RemotePropertyBinding foldType="NONE" name="FaultStatus" pushThreshold="0.0" pushType="ALWAYS" sourceName="FaultStatus" timeout="0"/><RemotePropertyBinding foldType="NONE" name="BigGiantString" pushThreshold="0.0" pushType="ALWAYS" sourceName="BigGiantString" timeout="0"/></RemotePropertyBindings><RemoteServiceBindings><RemoteServiceBinding enableQueue="false" name="Shutdown" sourceName="" timeout="0"/><RemoteServiceBinding enableQueue="false" name="GetBigString" sourceName="" timeout="0"/><RemoteServiceBinding enableQueue="false" name="AddNumbers" sourceName="" timeout="0"/><RemoteServiceBinding enableQueue="false" name="GetSteamSensorReadings" sourceName="" timeout="0"/></RemoteServiceBindings><RemoteEventBindings/><AlertConfigurations/><ImplementedShapes/><ThingProperties/><ConfigurationChanges><ConfigurationChange changeAction="CREATE" changeReason="" timestamp="2015-11-04T20:45:02.249Z" user="Administrator"/><ConfigurationChange changeAction="MODIFY" changeReason="services : GetSteamSensorReadings : Output Updated&#10;" timestamp="2015-11-09T21:08:36.951Z" user="Administrator"/><ConfigurationChange changeAction="MODIFY" changeReason="" timestamp="2015-11-09T21:08:49.767Z" user="Administrator"/></ConfigurationChanges></Thing><Thing description="" documentationContent="&#10;" effectiveThingPackage="RemoteThingWithFileTransfer" enabled="true" homeMashup="" identifier="SN0003" lastModifiedDate="2015-11-09T21:10:10.519Z" name="ThirdFloorSteamSensor" published="false" tags="Applications:EdgeExample;EdgeTest:Seed" thingTemplate="RemoteThingWithFileTransfer" valueStream=""><Owner name="Administrator" type="User"/><avatar/><DesignTimePermissions><Create/><Read/><Update/><Delete/><Metadata/></DesignTimePermissions><RunTimePermissions/><VisibilityPermissions><Visibility/></VisibilityPermissions><ConfigurationTables/><ThingShape><PropertyDefinitions><PropertyDefinition aspect.cacheTime="0.0" aspect.dataChangeType="VALUE" aspect.isLogged="false" aspect.isPersistent="false" aspect.isReadOnly="false" baseType="NUMBER" category="" description="Temperature limit property description" isLocalOnly="false" name="TemperatureLimit" ordinal="2"/><PropertyDefinition aspect.cacheTime="0.0" aspect.dataChangeType="VALUE" aspect.isLogged="false" aspect.isPersistent="false" aspect.isReadOnly="false" baseType="NUMBER" category="" description="TotalFlow property description" isLocalOnly="false" name="TotalFlow" ordinal="1"/><PropertyDefinition aspect.cacheTime="0.0" aspect.dataChangeType="VALUE" aspect.isLogged="false" aspect.isPersistent="false" aspect.isReadOnly="false" baseType="NUMBER" category="" description="Temperature property description" isLocalOnly="false" name="Temperature" ordinal="3"/><PropertyDefinition aspect.cacheTime="0.0" aspect.dataChangeType="VALUE" aspect.isLogged="false" aspect.isPersistent="false" aspect.isReadOnly="false" baseType="NUMBER" category="" description="Pressure property description" isLocalOnly="false" name="Pressure" ordinal="4"/><PropertyDefinition aspect.cacheTime="0.0" aspect.dataChangeType="VALUE" aspect.isLogged="false" aspect.isPersistent="false" aspect.isReadOnly="false" baseType="BOOLEAN" category="" description="InletValve property description" isLocalOnly="false" name="InletValve" ordinal="5"/><PropertyDefinition aspect.cacheTime="0.0" aspect.dataChangeType="VALUE" aspect.isLogged="false" aspect.isPersistent="false" aspect.isReadOnly="false" baseType="BOOLEAN" category="" description="FaultStatus property description" isLocalOnly="false" name="FaultStatus" ordinal="6"/><PropertyDefinition aspect.cacheTime="0.0" aspect.dataChangeType="VALUE" aspect.isLogged="false" aspect.isPersistent="false" aspect.isReadOnly="false" baseType="STRING" category="" description="BigGiantString property description" isLocalOnly="false" name="BigGiantString" ordinal="7"/></PropertyDefinitions><ServiceDefinitions><ServiceDefinition category="" description="Shutdown service description" isAllowOverride="false" isLocalOnly="false" isOpen="false" isPrivate="false" name="Shutdown"><ResultType baseType="NOTHING" description="" name="result" ordinal="0"/><ParameterDefinitions/></ServiceDefinition><ServiceDefinition category="" description="GetBigStringService service description" isAllowOverride="false" isLocalOnly="false" isOpen="false" isPrivate="false" name="GetBigString"><ResultType baseType="STRING" description="" name="result" ordinal="0"/><ParameterDefinitions/></ServiceDefinition><ServiceDefinition aspect.isAsync="false" category="" description="Reverses the order to the supplied input string." isAllowOverride="false" isLocalOnly="false" isOpen="false" isPrivate="false" name="ReverseString"><ResultType baseType="STRING" description="The reversed string." name="result" ordinal="0"/><ParameterDefinitions><FieldDefinition aspect.isRequired="true" baseType="STRING" description="The input string that should be reversed." name="stringToReverse" ordinal="1"/></ParameterDefinitions></ServiceDefinition><ServiceDefinition category="" description="Add Two Numbers together" isAllowOverride="false" isLocalOnly="false" isOpen="false" isPrivate="false" name="AddNumbers"><ResultType baseType="NUMBER" description="" name="result" ordinal="0"/><ParameterDefinitions><FieldDefinition baseType="NUMBER" description="Second value to add" name="b" ordinal="0"/><FieldDefinition baseType="NUMBER" description="First value to add" name="a" ordinal="0"/></ParameterDefinitions></ServiceDefinition><ServiceDefinition aspect.isAsync="false" category="" description="Example service that returns an InfoTable" isAllowOverride="false" isLocalOnly="false" isOpen="false" isPrivate="false" name="GetSteamSensorReadings"><ResultType aspect.dataShape="SteamSensorReadings" baseType="INFOTABLE" description="" name="result" ordinal="0"/><ParameterDefinitions/></ServiceDefinition></ServiceDefinitions><EventDefinitions/><ServiceMappings/><ServiceImplementations><ServiceImplementation description="" handlerName="Script" name="ReverseString"><ConfigurationTables><ConfigurationTable description="Script" isMultiRow="false" name="Script" ordinal="0"><DataShape><FieldDefinitions><FieldDefinition baseType="STRING" description="code" name="code" ordinal="0"/></FieldDefinitions></DataShape><Rows><Row><code><![CDATA[result = stringToReverse.split("").reverse().join("");]]></code></Row></Rows></ConfigurationTable></ConfigurationTables></ServiceImplementation></ServiceImplementations><Subscriptions/></ThingShape><PropertyBindings/><RemotePropertyBindings><RemotePropertyBinding foldType="NONE" name="TemperatureLimit" pushThreshold="0.0" pushType="ALWAYS" sourceName="TemperatureLimit" timeout="0"/><RemotePropertyBinding foldType="NONE" name="TotalFlow" pushThreshold="0.0" pushType="ALWAYS" sourceName="TotalFlow" timeout="0"/><RemotePropertyBinding foldType="NONE" name="Temperature" pushThreshold="0.0" pushType="ALWAYS" sourceName="Temperature" timeout="0"/><RemotePropertyBinding foldType="NONE" name="Pressure" pushThreshold="0.0" pushType="ALWAYS" sourceName="Pressure" timeout="0"/><RemotePropertyBinding foldType="NONE" name="InletValve" pushThreshold="0.0" pushType="ALWAYS" sourceName="InletValve" timeout="0"/><RemotePropertyBinding foldType="NONE" name="FaultStatus" pushThreshold="0.0" pushType="ALWAYS" sourceName="FaultStatus" timeout="0"/><RemotePropertyBinding foldType="NONE" name="BigGiantString" pushThreshold="0.0" pushType="ALWAYS" sourceName="BigGiantString" timeout="0"/></RemotePropertyBindings><RemoteServiceBindings><RemoteServiceBinding enableQueue="false" name="Shutdown" sourceName="" timeout="0"/><RemoteServiceBinding enableQueue="false" name="GetBigString" sourceName="" timeout="0"/><RemoteServiceBinding enableQueue="false" name="AddNumbers" sourceName="" timeout="0"/><RemoteServiceBinding enableQueue="false" name="GetSteamSensorReadings" sourceName="" timeout="0"/></RemoteServiceBindings><RemoteEventBindings/><AlertConfigurations/><ImplementedShapes/><ThingProperties/><ConfigurationChanges><ConfigurationChange changeAction="CREATE" changeReason="" timestamp="2015-11-04T20:45:02.251Z" user="Administrator"/><ConfigurationChange changeAction="MODIFY" changeReason="services : GetSteamSensorReadings : Output Updated&#10;" timestamp="2015-11-09T21:10:10.519Z" user="Administrator"/></ConfigurationChanges></Thing><Thing description="" documentationContent="&#10;" effectiveThingPackage="ConfiguredThing" enabled="true" homeMashup="" identifier="" lastModifiedDate="2015-11-04T20:45:02.265Z" name="ExampleThing_1" published="false" tags="Applications:EdgeExample" thingTemplate="GenericThing" valueStream=""><Owner name="Administrator" type="User"/><avatar/><DesignTimePermissions><Create/><Read/><Update/><Delete/><Metadata/></DesignTimePermissions><RunTimePermissions/><VisibilityPermissions><Visibility/></VisibilityPermissions><ConfigurationTables/><ThingShape><PropertyDefinitions><PropertyDefinition aspect.cacheTime="0.0" aspect.dataChangeType="VALUE" aspect.isLogged="false" aspect.isPersistent="false" aspect.isReadOnly="false" baseType="LOCATION" category="" description="" isLocalOnly="false" name="CurrentLocation" ordinal="1"/></PropertyDefinitions><ServiceDefinitions/><EventDefinitions><EventDefinition category="" dataShape="FileSystemFile" description="" name="FileEvent"/></EventDefinitions><ServiceMappings/><ServiceImplementations/><Subscriptions/></ThingShape><PropertyBindings/><RemotePropertyBindings/><RemoteServiceBindings/><RemoteEventBindings/><AlertConfigurations><AlertDefinitions name="CurrentLocation"/></AlertConfigurations><ImplementedShapes/><ThingProperties/><ConfigurationChanges><ConfigurationChange changeAction="CREATE" changeReason="" timestamp="2015-08-24T12:30:45.182Z" user="Administrator"/><ConfigurationChange changeAction="MODIFY" changeReason="" timestamp="2015-11-04T20:45:02.265Z" user="Administrator"/></ConfigurationChanges></Thing><Thing description="" documentationContent="&#10;" effectiveThingPackage="RemoteThing" enabled="true" homeMashup="" identifier="" lastModifiedDate="2015-11-04T20:45:02.266Z" name="SimpleThing_1" published="false" tags="Applications:EdgeExample" thingTemplate="RemoteThing" valueStream=""><Owner name="Administrator" type="User"/><avatar/><DesignTimePermissions><Create/><Read/><Update/><Delete/><Metadata/></DesignTimePermissions><RunTimePermissions/><VisibilityPermissions><Visibility/></VisibilityPermissions><ConfigurationTables/><ThingShape><PropertyDefinitions/><ServiceDefinitions/><EventDefinitions/><ServiceMappings/><ServiceImplementations/><Subscriptions/></ThingShape><PropertyBindings/><RemotePropertyBindings/><RemoteServiceBindings/><RemoteEventBindings/><AlertConfigurations/><ImplementedShapes/><ThingProperties/><ConfigurationChanges><ConfigurationChange changeAction="CREATE" changeReason="" timestamp="2015-08-24T12:30:45.186Z" user="Administrator"/><ConfigurationChange changeAction="MODIFY" changeReason="" timestamp="2015-08-24T18:37:09.709Z" user="Administrator"/><ConfigurationChange changeAction="MODIFY" changeReason="" timestamp="2015-08-24T18:37:49.648Z" user="Administrator"/><ConfigurationChange changeAction="MODIFY" changeReason="properties : Temperature : added remote property from browse&#10;" timestamp="2015-09-05T14:41:11.485Z" user="Administrator"/><ConfigurationChange changeAction="MODIFY" changeReason="properties : Temperature : removed&#10;" timestamp="2015-09-05T14:42:08.996Z" user="Administrator"/><ConfigurationChange changeAction="MODIFY" changeReason="properties : Temperature : added remote property from browse, SetPoint : added remote property from browse, Humidity : added remote property from browse&#10;" timestamp="2015-09-05T23:25:23.037Z" user="Administrator"/><ConfigurationChange changeAction="MODIFY" changeReason="properties : Temperature : removed, added remote property from browse, SetPoint : removed, added remote property from browse, Humidity : removed, added remote property from browse&#10;" timestamp="2015-09-08T21:49:05.308Z" user="Administrator"/><ConfigurationChange changeAction="MODIFY" changeReason="" timestamp="2015-11-04T20:45:02.266Z" user="Administrator"/></ConfigurationChanges></Thing><Thing description="" documentationContent="&#10;" effectiveThingPackage="RemoteThingWithTunnels" enabled="true" homeMashup="" identifier="" lastModifiedDate="2015-11-04T20:45:02.254Z" name="TunnelThing" published="false" tags="Applications:EdgeExample" thingTemplate="RemoteThingWithTunnels" valueStream=""><Owner name="Administrator" type="User"/><avatar/><DesignTimePermissions><Create/><Read/><Update/><Delete/><Metadata/></DesignTimePermissions><RunTimePermissions/><VisibilityPermissions><Visibility/></VisibilityPermissions><ConfigurationTables><ConfigurationTable description="General Settings" isMultiRow="false" name="TunnelSettings" ordinal="0"><DataShape><FieldDefinitions><FieldDefinition aspect.friendlyName="Enable Tunneling" aspect.isNullable="true" baseType="BOOLEAN" description="Enable tunneling" name="enableTunneling" ordinal="0"/></FieldDefinitions></DataShape><Rows><Row><enableTunneling>true</enableTunneling></Row></Rows></ConfigurationTable><ConfigurationTable description="Tunneling Destinations" isMultiRow="true" name="Tunnels" ordinal="1"><DataShape><FieldDefinitions><FieldDefinition aspect.defaultValue="5900.0" aspect.friendlyName="Port" baseType="NUMBER" description="Port that this tunnel will connect to at the edge" name="port" ordinal="2"/><FieldDefinition aspect.defaultValue="127.0.0.1" aspect.friendlyName="Host" baseType="STRING" description="Host or IP that this tunnel will connect to at the edge" name="host" ordinal="1"/><FieldDefinition aspect.defaultValue="" aspect.friendlyName="Application Path" baseType="STRING" description="Location of the client app that will use this tunnel" name="appUri" ordinal="5"/><FieldDefinition aspect.defaultValue="" aspect.friendlyName="Description" baseType="STRING" description="A description of the tunnel" name="description" ordinal="3"/><FieldDefinition aspect.defaultValue="vnc" aspect.friendlyName="Name" baseType="STRING" description="Name of the tunnel" name="name" ordinal="0"/><FieldDefinition aspect.defaultValue="1.0" aspect.friendlyName="Number of Connects" baseType="NUMBER" description="The number of connections required to establish this tunnel" name="numConnects" ordinal="4"/><FieldDefinition aspect.defaultValue="tcp" aspect.friendlyName="Protocol" baseType="STRING" description="The protocol used over this tunnel" name="proto" ordinal="6"/></FieldDefinitions></DataShape><Rows><Row><port>22.0</port><host><![CDATA[127.0.0.1]]></host><appUri/><description/><name><![CDATA[ssh]]></name><numConnects>1.0</numConnects><proto><![CDATA[tcp]]></proto></Row></Rows></ConfigurationTable></ConfigurationTables><ThingShape><PropertyDefinitions/><ServiceDefinitions/><EventDefinitions/><ServiceMappings/><ServiceImplementations/><Subscriptions/></ThingShape><PropertyBindings/><RemotePropertyBindings/><RemoteServiceBindings/><RemoteEventBindings/><AlertConfigurations/><ImplementedShapes/><ThingProperties/><ConfigurationChanges><ConfigurationChange changeAction="CREATE" changeReason="" timestamp="2015-11-04T20:45:02.254Z" user="Administrator"/></ConfigurationChanges></Thing></Things><Subsystems/><ThingShapes/><ModelTags/><Authenticators/><LocalizationTables/><ThingPackages/><DataTags/><PersistenceProviders/><StyleDefinitions/><Resources/></Entities>